TableName,ColumnName,DataType,IsHidden,FormatString,Description
"ALUMNI_MASTER","CITY_SIZE","String","False","",""
"ALUMNI_MASTER","COMMUNITY_01","String","False","",""
"ALUMNI_MASTER","COMMUNITY_02","String","False","",""
"ALUMNI_MASTER","COMMUNITY_03","String","False","",""
"ALUMNI_MASTER","COMMUNITY_04","String","False","",""
"ALUMNI_MASTER","COMMUNITY_05","String","False","",""
"ALUMNI_MASTER","COMMUNITY_06","String","False","",""
"ALUMNI_MASTER","COMMUNITY_07","String","False","",""
"ALUMNI_MASTER","COMMUNITY_08","String","False","",""
"ALUMNI_MASTER","COMMUNITY_09","String","False","",""
"ALUMNI_MASTER","COMMUNITY_10","String","False","",""
"ALUMNI_MASTER","CULTURAL_INT_01","String","False","",""
"ALUMNI_MASTER","CULTURAL_INT_02","String","False","",""
"ALUMNI_MASTER","CULTURAL_INT_03","String","False","",""
"ALUMNI_MASTER","CULTURAL_INT_04","String","False","",""
"ALUMNI_MASTER","CULTURAL_INT_05","String","False","",""
"ALUMNI_MASTER","CULTURAL_INT_06","String","False","",""
"ALUMNI_MASTER","CULTURAL_INT_07","String","False","",""
"ALUMNI_MASTER","CULTURAL_INT_08","String","False","",""
"ALUMNI_MASTER","CULTURAL_INT_09","String","False","",""
"ALUMNI_MASTER","CULTURAL_INT_10","String","False","",""
"ALUMNI_MASTER","CURR_ADDR_CDE","String","False","",""
"ALUMNI_MASTER","CURR_ATTITUDE","String","False","",""
"ALUMNI_MASTER","EDUCATION_INT_01","String","False","",""
"ALUMNI_MASTER","EDUCATION_INT_02","String","False","",""
"ALUMNI_MASTER","EDUCATION_INT_03","String","False","",""
"ALUMNI_MASTER","EDUCATION_INT_04","String","False","",""
"ALUMNI_MASTER","EDUCATION_INT_05","String","False","",""
"ALUMNI_MASTER","EDUCATION_INT_06","String","False","",""
"ALUMNI_MASTER","EDUCATION_INT_07","String","False","",""
"ALUMNI_MASTER","EDUCATION_INT_08","String","False","",""
"ALUMNI_MASTER","EDUCATION_INT_09","String","False","",""
"ALUMNI_MASTER","EDUCATION_INT_10","String","False","",""
"ALUMNI_MASTER","EDUCATION_INT_11","String","False","",""
"ALUMNI_MASTER","EDUCATION_INT_12","String","False","",""
"ALUMNI_MASTER","EDUCATION_INT_13","String","False","",""
"ALUMNI_MASTER","EDUCATION_INT_14","String","False","",""
"ALUMNI_MASTER","EDUCATION_INT_15","String","False","",""
"ALUMNI_MASTER","EDUCATION_INT_16","String","False","",""
"ALUMNI_MASTER","EDUCATION_INT_17","String","False","",""
"ALUMNI_MASTER","EDUCATION_INT_18","String","False","",""
"ALUMNI_MASTER","EDUCATION_INT_19","String","False","",""
"ALUMNI_MASTER","EDUCATION_INT_20","String","False","",""
"ALUMNI_MASTER","EMAIL_1","String","False","",""
"ALUMNI_MASTER","EMAIL_2","String","False","",""
"ALUMNI_MASTER","EMAIL_3","String","False","",""
"ALUMNI_MASTER","EMAIL_4","String","False","",""
"ALUMNI_MASTER","ID_NUM","Int64","False","0",""
"ALUMNI_MASTER","JOB_NAME","String","False","",""
"ALUMNI_MASTER","JOB_TIME","DateTime","False","General Date",""
"ALUMNI_MASTER","LAST_UPDATE_DTE","String","False","",""
"ALUMNI_MASTER","LAST_VISIT_DTE","String","False","",""
"ALUMNI_MASTER","NEWS_ARTCLS_01","String","False","",""
"ALUMNI_MASTER","NEWS_ARTCLS_02","String","False","",""
"ALUMNI_MASTER","NEWS_ARTCLS_03","String","False","",""
"ALUMNI_MASTER","NEWS_ARTCLS_04","String","False","",""
"ALUMNI_MASTER","NEWS_ARTCLS_05","String","False","",""
"ALUMNI_MASTER","NEWS_ARTCLS_06","String","False","",""
"ALUMNI_MASTER","NEWS_ARTCLS_07","String","False","",""
"ALUMNI_MASTER","NEWS_ARTCLS_08","String","False","",""
"ALUMNI_MASTER","NEWS_ARTCLS_09","String","False","",""
"ALUMNI_MASTER","NEWS_ARTCLS_10","String","False","",""
"ALUMNI_MASTER","NEWS_ARTCLS_11","String","False","",""
"ALUMNI_MASTER","NEWS_ARTCLS_12","String","False","",""
"ALUMNI_MASTER","NEWS_ARTCLS_13","String","False","",""
"ALUMNI_MASTER","NEWS_ARTCLS_14","String","False","",""
"ALUMNI_MASTER","NEWS_ARTCLS_15","String","False","",""
"ALUMNI_MASTER","NEWS_ARTCLS_16","String","False","",""
"ALUMNI_MASTER","NEWS_ARTCLS_17","String","False","",""
"ALUMNI_MASTER","NEWS_ARTCLS_18","String","False","",""
"ALUMNI_MASTER","NEWS_ARTCLS_19","String","False","",""
"ALUMNI_MASTER","NEWS_ARTCLS_20","String","False","",""
"ALUMNI_MASTER","NEXT_VISIT_DTE","String","False","",""
"ALUMNI_MASTER","OTHER_INT_01","String","False","",""
"ALUMNI_MASTER","OTHER_INT_02","String","False","",""
"ALUMNI_MASTER","OTHER_INT_03","String","False","",""
"ALUMNI_MASTER","OTHER_INT_04","String","False","",""
"ALUMNI_MASTER","OTHER_INT_05","String","False","",""
"ALUMNI_MASTER","OTHER_INT_06","String","False","",""
"ALUMNI_MASTER","OTHER_INT_07","String","False","",""
"ALUMNI_MASTER","OTHER_INT_08","String","False","",""
"ALUMNI_MASTER","OTHER_INT_09","String","False","",""
"ALUMNI_MASTER","OTHER_INT_10","String","False","",""
"ALUMNI_MASTER","RECREATION_01","String","False","",""
"ALUMNI_MASTER","RECREATION_02","String","False","",""
"ALUMNI_MASTER","RECREATION_03","String","False","",""
"ALUMNI_MASTER","RECREATION_04","String","False","",""
"ALUMNI_MASTER","RECREATION_05","String","False","",""
"ALUMNI_MASTER","RECREATION_06","String","False","",""
"ALUMNI_MASTER","RECREATION_07","String","False","",""
"ALUMNI_MASTER","RECREATION_08","String","False","",""
"ALUMNI_MASTER","RECREATION_09","String","False","",""
"ALUMNI_MASTER","RECREATION_10","String","False","",""
"ALUMNI_MASTER","RECREATION_11","String","False","",""
"ALUMNI_MASTER","RECREATION_12","String","False","",""
"ALUMNI_MASTER","RECREATION_13","String","False","",""
"ALUMNI_MASTER","RECREATION_14","String","False","",""
"ALUMNI_MASTER","RECREATION_15","String","False","",""
"ALUMNI_MASTER","RECREATION_16","String","False","",""
"ALUMNI_MASTER","RECREATION_17","String","False","",""
"ALUMNI_MASTER","RECREATION_18","String","False","",""
"ALUMNI_MASTER","RECREATION_19","String","False","",""
"ALUMNI_MASTER","RECREATION_20","String","False","",""
"ALUMNI_MASTER","REUNION_YR_1","Int64","False","0",""
"ALUMNI_MASTER","REUNION_YR_2","Int64","False","0",""
"ALUMNI_MASTER","REUNION_YR_3","Int64","False","0",""
"ALUMNI_MASTER","SOCIAL_INT_01","String","False","",""
"ALUMNI_MASTER","SOCIAL_INT_02","String","False","",""
"ALUMNI_MASTER","SOCIAL_INT_03","String","False","",""
"ALUMNI_MASTER","SOCIAL_INT_04","String","False","",""
"ALUMNI_MASTER","SOCIAL_INT_05","String","False","",""
"ALUMNI_MASTER","SOCIAL_INT_06","String","False","",""
"ALUMNI_MASTER","SOCIAL_INT_07","String","False","",""
"ALUMNI_MASTER","SOCIAL_INT_08","String","False","",""
"ALUMNI_MASTER","SOCIAL_INT_09","String","False","",""
"ALUMNI_MASTER","SOCIAL_INT_10","String","False","",""
"ALUMNI_MASTER","SPECIAL_INT_01","String","False","",""
"ALUMNI_MASTER","SPECIAL_INT_02","String","False","",""
"ALUMNI_MASTER","SPECIAL_INT_03","String","False","",""
"ALUMNI_MASTER","SPECIAL_INT_04","String","False","",""
"ALUMNI_MASTER","SPECIAL_INT_05","String","False","",""
"ALUMNI_MASTER","SPECIAL_INT_06","String","False","",""
"ALUMNI_MASTER","SPECIAL_INT_07","String","False","",""
"ALUMNI_MASTER","SPECIAL_INT_08","String","False","",""
"ALUMNI_MASTER","SPECIAL_INT_09","String","False","",""
"ALUMNI_MASTER","SPECIAL_INT_10","String","False","",""
"ALUMNI_MASTER","STOP_ALUM_MAIL","String","False","",""
"ALUMNI_MASTER","TRAVEL_01","String","False","",""
"ALUMNI_MASTER","TRAVEL_02","String","False","",""
"ALUMNI_MASTER","TRAVEL_03","String","False","",""
"ALUMNI_MASTER","TRAVEL_04","String","False","",""
"ALUMNI_MASTER","TRAVEL_05","String","False","",""
"ALUMNI_MASTER","TRAVEL_06","String","False","",""
"ALUMNI_MASTER","TRAVEL_07","String","False","",""
"ALUMNI_MASTER","TRAVEL_08","String","False","",""
"ALUMNI_MASTER","TRAVEL_09","String","False","",""
"ALUMNI_MASTER","TRAVEL_10","String","False","",""
"ALUMNI_MASTER","USER_DEF_10A_1","String","False","",""
"ALUMNI_MASTER","USER_DEF_11N_1","Int64","False","0",""
"ALUMNI_MASTER","USER_DEF_11N_2","Int64","False","0",""
"ALUMNI_MASTER","USER_DEF_1A_1","String","False","",""
"ALUMNI_MASTER","USER_DEF_1A_10","String","False","",""
"ALUMNI_MASTER","USER_DEF_1A_2","String","False","",""
"ALUMNI_MASTER","USER_DEF_1A_3","String","False","",""
"ALUMNI_MASTER","USER_DEF_1A_4","String","False","",""
"ALUMNI_MASTER","USER_DEF_1A_5","String","False","",""
"ALUMNI_MASTER","USER_DEF_1A_6","String","False","",""
"ALUMNI_MASTER","USER_DEF_1A_7","String","False","",""
"ALUMNI_MASTER","USER_DEF_1A_8","String","False","",""
"ALUMNI_MASTER","USER_DEF_1A_9","String","False","",""
"ALUMNI_MASTER","USER_DEF_2A_1","String","False","",""
"ALUMNI_MASTER","USER_DEF_2A_2","String","False","",""
"ALUMNI_MASTER","USER_DEF_2A_3","String","False","",""
"ALUMNI_MASTER","USER_DEF_2A_4","String","False","",""
"ALUMNI_MASTER","USER_DEF_2A_5","String","False","",""
"ALUMNI_MASTER","USER_DEF_3A_1","String","False","",""
"ALUMNI_MASTER","USER_DEF_3A_2","String","False","",""
"ALUMNI_MASTER","USER_DEF_3A_3","String","False","",""
"ALUMNI_MASTER","USER_DEF_5A_1","String","False","",""
"ALUMNI_MASTER","USER_DEF_5A_2","String","False","",""
"ALUMNI_MASTER","USER_DEF_DTE_1","String","False","",""
"ALUMNI_MASTER","USER_DEF_DTE_2","String","False","",""
"ALUMNI_MASTER","USER_DEF_DTE_3","String","False","",""
"ALUMNI_MASTER","USER_DEF_ID_1","String","False","",""
"ALUMNI_MASTER","USER_DEF_ID_2","String","False","",""
"ALUMNI_MASTER","USER_NAME","String","False","",""
"ALUMNI_MASTER","WORK_ADDR_CDE","String","False","",""
"CAMPAIGN","CAMP_CONTACT_ID_NUM","String","False","",""
"CAMPAIGN","CAMP_END_DATE","String","False","",""
"CAMPAIGN","CAMP_START_DATE","String","False","",""
"CAMPAIGN","CAMPAIGN_CDE","String","False","",""
"CAMPAIGN","CAMPAIGN_DESC","String","False","",""
"CAMPAIGN","CAMPAN_AMT_ACTUAL","Double","False","",""
"CAMPAIGN","CAMPAN_AMT_GOAL","Int64","False","0",""
"CAMPAIGN","CASH_GIFT_AMT","Double","False","",""
"CAMPAIGN","CASH_GIFT_NUM","Int64","False","0",""
"CAMPAIGN","DEFER_AMT","Int64","False","0",""
"CAMPAIGN","DEFER_NUM","Int64","False","0",""
"CAMPAIGN","DEFER_PMT_AMT","Int64","False","0",""
"CAMPAIGN","DEFER_PMT_NUM","Int64","False","0",""
"CAMPAIGN","DON_RESTR_AMT","Int64","False","0",""
"CAMPAIGN","DON_RESTR_NUM","Int64","False","0",""
"CAMPAIGN","EXPENSES_ACTUAL","Int64","False","0",""
"CAMPAIGN","EXPENSES_BUDGET","Int64","False","0",""
"CAMPAIGN","FIRST_GIFT_AMT","Double","False","",""
"CAMPAIGN","FIRST_GIFT_DTE","DateTime","False","General Date",""
"CAMPAIGN","GIFTS_AMT","Double","False","",""
"CAMPAIGN","GIFTS_NUM","Int64","False","0",""
"CAMPAIGN","JOB_NAME","String","False","",""
"CAMPAIGN","JOB_TIME","DateTime","False","General Date",""
"CAMPAIGN","LARGEST_GIFT_AMT","Double","False","",""
"CAMPAIGN","LARGEST_GIFT_DTE","DateTime","False","General Date",""
"CAMPAIGN","LAST_GIFT_AMT","Double","False","",""
"CAMPAIGN","LAST_GIFT_DTE","DateTime","False","General Date",""
"CAMPAIGN","MATCH_GIFT_AMT","Int64","False","0",""
"CAMPAIGN","MATCH_GIFT_NUM","Int64","False","0",""
"CAMPAIGN","MATCH_PMT_AMT","Int64","False","0",""
"CAMPAIGN","MATCH_PMT_NUM","Int64","False","0",""
"CAMPAIGN","NON_CASH_AMT","Double","False","",""
"CAMPAIGN","NON_CASH_NUM","Int64","False","0",""
"CAMPAIGN","ONLINE_GIVING_AVAIL","String","False","",""
"CAMPAIGN","ONLINE_GIVING_DESC","String","False","",""
"CAMPAIGN","ORG_RESTR_AMT","Int64","False","0",""
"CAMPAIGN","ORG_RESTR_NUM","Int64","False","0",""
"CAMPAIGN","PIECES_RET_ACTUAL","Int64","False","0",""
"CAMPAIGN","PIECES_RET_GOAL","Int64","False","0",""
"CAMPAIGN","PROMISE_AMT","Double","False","",""
"CAMPAIGN","PROMISE_NUM","Int64","False","0",""
"CAMPAIGN","PROMISE_PMT_AMT","Double","False","",""
"CAMPAIGN","PROMISE_PMT_NUM","Int64","False","0",""
"CAMPAIGN","SMALLEST_GIFT_AMT","Double","False","",""
"CAMPAIGN","SMALLEST_GIFT_DTE","DateTime","False","General Date",""
"CAMPAIGN","SOFT_CREDIT_AMT","Double","False","",""
"CAMPAIGN","SOFT_CREDIT_NUM","Int64","False","0",""
"CAMPAIGN","USER_NAME","String","False","",""
"DateTableTemplate_21f51927-0aec-4f8e-8ead-94385328eb31","Date","DateTime","True","General Date",""
"DateTableTemplate_21f51927-0aec-4f8e-8ead-94385328eb31","Day","Int64","True","0",""
"DateTableTemplate_21f51927-0aec-4f8e-8ead-94385328eb31","Month","String","True","",""
"DateTableTemplate_21f51927-0aec-4f8e-8ead-94385328eb31","MonthNo","Int64","True","0",""
"DateTableTemplate_21f51927-0aec-4f8e-8ead-94385328eb31","Quarter","String","True","",""
"DateTableTemplate_21f51927-0aec-4f8e-8ead-94385328eb31","QuarterNo","Int64","True","0",""
"DateTableTemplate_21f51927-0aec-4f8e-8ead-94385328eb31","Year","Int64","True","0",""
"DONOR_CAMP_SUM","CAMPAIGN_CDE","String","False","",""
"DONOR_CAMP_SUM","CASH_GIFT_AMT","Double","False","",""
"DONOR_CAMP_SUM","CASH_GIFT_NUM","Int64","False","0",""
"DONOR_CAMP_SUM","DEFER_AMT","Int64","False","0",""
"DONOR_CAMP_SUM","DEFER_NUM","Int64","False","0",""
"DONOR_CAMP_SUM","DEFER_PMT_AMT","Int64","False","0",""
"DONOR_CAMP_SUM","DEFER_PMT_NUM","Int64","False","0",""
"DONOR_CAMP_SUM","DON_RESTR_AMT","Int64","False","0",""
"DONOR_CAMP_SUM","DON_RESTR_NUM","Int64","False","0",""
"DONOR_CAMP_SUM","FIRST_GIFT_AMT","Double","False","",""
"DONOR_CAMP_SUM","FIRST_GIFT_DTE","DateTime","False","General Date",""
"DONOR_CAMP_SUM","GIFTS_AMT","Double","False","",""
"DONOR_CAMP_SUM","GIFTS_NUM","Int64","False","0",""
"DONOR_CAMP_SUM","ID_NUM","Int64","False","0",""
"DONOR_CAMP_SUM","JOB_NAME","String","False","",""
"DONOR_CAMP_SUM","JOB_TIME","DateTime","False","General Date",""
"DONOR_CAMP_SUM","LARGEST_GIFT_AMT","Double","False","",""
"DONOR_CAMP_SUM","LARGEST_GIFT_DTE","DateTime","False","General Date",""
"DONOR_CAMP_SUM","LAST_GIFT_AMT","Double","False","",""
"DONOR_CAMP_SUM","LAST_GIFT_DTE","DateTime","False","General Date",""
"DONOR_CAMP_SUM","MATCH_GIFT_AMT","Int64","False","0",""
"DONOR_CAMP_SUM","MATCH_GIFT_NUM","Int64","False","0",""
"DONOR_CAMP_SUM","MATCH_PMT_AMT","Int64","False","0",""
"DONOR_CAMP_SUM","MATCH_PMT_NUM","Int64","False","0",""
"DONOR_CAMP_SUM","NON_CASH_AMT","Double","False","",""
"DONOR_CAMP_SUM","NON_CASH_NUM","Int64","False","0",""
"DONOR_CAMP_SUM","ORG_RESTR_AMT","Int64","False","0",""
"DONOR_CAMP_SUM","ORG_RESTR_NUM","Int64","False","0",""
"DONOR_CAMP_SUM","PROMISE_AMT","Double","False","",""
"DONOR_CAMP_SUM","PROMISE_NUM","Int64","False","0",""
"DONOR_CAMP_SUM","PROMISE_PMT_AMT","Double","False","",""
"DONOR_CAMP_SUM","PROMISE_PMT_NUM","Int64","False","0",""
"DONOR_CAMP_SUM","SMALLEST_GIFT_AMT","Double","False","",""
"DONOR_CAMP_SUM","SMALLEST_GIFT_DTE","DateTime","False","General Date",""
"DONOR_CAMP_SUM","SOFT_CREDIT_AMT","Int64","False","0",""
"DONOR_CAMP_SUM","SOFT_CREDIT_NUM","Int64","False","0",""
"DONOR_CAMP_SUM","USER_NAME","String","False","",""
"DONOR_CAMP_SUM","YEAR_TYPE","String","False","",""
"DONOR_CAMP_SUM","YR_CDE","Int64","False","0",""
"DONOR_MASTER","ACTIVE_FLAG","String","False","",""
"DONOR_MASTER","ADDR_COD_WRK_FLD","String","False","",""
"DONOR_MASTER","ANON_DONOR_FLAG","String","False","",""
"DONOR_MASTER","AVG_GIFT_SIZE","Double","False","",""
"DONOR_MASTER","CASH_GIFT_AMT","Double","False","",""
"DONOR_MASTER","CASH_GIFT_NUM","Int64","False","0",""
"DONOR_MASTER","CAT_COMP_1","String","False","",""
"DONOR_MASTER","CAT_COMP_2","String","False","",""
"DONOR_MASTER","CURR_ADDR_CDE","String","False","",""
"DONOR_MASTER","DEFER_AMT","Int64","False","0",""
"DONOR_MASTER","DEFER_NUM","Int64","False","0",""
"DONOR_MASTER","DEFER_PMT_AMT","Int64","False","0",""
"DONOR_MASTER","DEFER_PMT_NUM","Int64","False","0",""
"DONOR_MASTER","DON_RESTR_AMT","Int64","False","0",""
"DONOR_MASTER","DON_RESTR_NUM","Int64","False","0",""
"DONOR_MASTER","DONOR_MAIL_CODE","String","False","",""
"DONOR_MASTER","DONOR_SELECT","String","False","",""
"DONOR_MASTER","ESTATE_PLAN_DOC","String","False","",""
"DONOR_MASTER","ESTATE_PLAN_FLR","String","False","",""
"DONOR_MASTER","FIRST_GIFT_AMT","Double","False","",""
"DONOR_MASTER","FIRST_GIFT_DTE","DateTime","False","General Date",""
"DONOR_MASTER","GIFTS_AMT","Double","False","",""
"DONOR_MASTER","GIFTS_NUM","Int64","False","0",""
"DONOR_MASTER","ID_NUM","Int64","False","0",""
"DONOR_MASTER","JOB_NAME","String","False","",""
"DONOR_MASTER","JOB_TIME","DateTime","False","General Date",""
"DONOR_MASTER","JOINT_SALUT","String","False","",""
"DONOR_MASTER","LARGEST_ANNL_DTE","String","False","",""
"DONOR_MASTER","LARGEST_ANNL_GIFT","Int64","False","0",""
"DONOR_MASTER","LARGEST_CAP_DTE","String","False","",""
"DONOR_MASTER","LARGEST_CAP_GIFT","Int64","False","0",""
"DONOR_MASTER","LARGEST_GIFT_AMT","Double","False","",""
"DONOR_MASTER","LARGEST_GIFT_DTE","DateTime","False","General Date",""
"DONOR_MASTER","LARGEST_PROM_AMT","Int64","False","0",""
"DONOR_MASTER","LARGEST_PROM_DTE","String","False","",""
"DONOR_MASTER","LAST_GIFT_AMT","Double","False","",""
"DONOR_MASTER","LAST_GIFT_COMP_1","String","False","",""
"DONOR_MASTER","LAST_GIFT_COMP_2","Int64","False","0",""
"DONOR_MASTER","LAST_GIFT_DTE","DateTime","False","General Date",""
"DONOR_MASTER","MATCH_GIFT_AMT","Int64","False","0",""
"DONOR_MASTER","MATCH_GIFT_NUM","Int64","False","0",""
"DONOR_MASTER","MATCH_PMT_AMT","Int64","False","0",""
"DONOR_MASTER","MATCH_PMT_NUM","Int64","False","0",""
"DONOR_MASTER","MAX_MATCH_DONOR","Int64","False","0",""
"DONOR_MASTER","MAX_MATCH_OVERRALL","Int64","False","0",""
"DONOR_MASTER","NON_CASH_AMT","Double","False","",""
"DONOR_MASTER","NON_CASH_NUM","Int64","False","0",""
"DONOR_MASTER","NUM_GIVING_YRS","Int64","False","0",""
"DONOR_MASTER","ORG_RESTR_AMT","Int64","False","0",""
"DONOR_MASTER","ORG_RESTR_NUM","Int64","False","0",""
"DONOR_MASTER","OTHER_SALUT_1","String","False","",""
"DONOR_MASTER","OTHER_SALUT_2","String","False","",""
"DONOR_MASTER","OTHER_SALUT_3","String","False","",""
"DONOR_MASTER","OTHER_SALUT_4","String","False","",""
"DONOR_MASTER","OTHER_SALUT_5","String","False","",""
"DONOR_MASTER","PROMISE_AMT","Double","False","",""
"DONOR_MASTER","PROMISE_NUM","Int64","False","0",""
"DONOR_MASTER","PROMISE_PMT_AMT","Double","False","",""
"DONOR_MASTER","PROMISE_PMT_NUM","Int64","False","0",""
"DONOR_MASTER","RECEIPT_SALUT","String","False","",""
"DONOR_MASTER","REMIND_DUE","String","False","",""
"DONOR_MASTER","REMIND_FORM_LTR","String","False","",""
"DONOR_MASTER","REMIND_PAST_DUE","String","False","",""
"DONOR_MASTER","SINGLE_SALUT","String","False","",""
"DONOR_MASTER","SMALLEST_GIFT_AMT","Double","False","",""
"DONOR_MASTER","SMALLEST_GIFT_DTE","DateTime","False","General Date",""
"DONOR_MASTER","SOFT_CREDIT_AMT","Double","False","",""
"DONOR_MASTER","SOFT_CREDIT_NUM","Int64","False","0",""
"DONOR_MASTER","STOP_MAIL_FLAG","String","False","",""
"DONOR_MASTER","UDEF_10A_1","String","False","",""
"DONOR_MASTER","UDEF_11_2N_1","Int64","False","0",""
"DONOR_MASTER","UDEF_11_2N_2","Int64","False","0",""
"DONOR_MASTER","UDEF_1A_1","String","False","",""
"DONOR_MASTER","UDEF_1A_10","String","False","",""
"DONOR_MASTER","UDEF_1A_2","String","False","",""
"DONOR_MASTER","UDEF_1A_3","String","False","",""
"DONOR_MASTER","UDEF_1A_4","String","False","",""
"DONOR_MASTER","UDEF_1A_5","String","False","",""
"DONOR_MASTER","UDEF_1A_6","String","False","",""
"DONOR_MASTER","UDEF_1A_7","String","False","",""
"DONOR_MASTER","UDEF_1A_8","String","False","",""
"DONOR_MASTER","UDEF_1A_9","String","False","",""
"DONOR_MASTER","UDEF_2A_1","String","False","",""
"DONOR_MASTER","UDEF_2A_2","String","False","",""
"DONOR_MASTER","UDEF_2A_3","String","False","",""
"DONOR_MASTER","UDEF_2A_4","String","False","",""
"DONOR_MASTER","UDEF_2A_5","String","False","",""
"DONOR_MASTER","UDEF_3A_1","String","False","",""
"DONOR_MASTER","UDEF_3A_2","String","False","",""
"DONOR_MASTER","UDEF_3A_3","String","False","",""
"DONOR_MASTER","UDEF_5A_1","String","False","",""
"DONOR_MASTER","UDEF_5A_2","String","False","",""
"DONOR_MASTER","UDEF_DTE_1","String","False","",""
"DONOR_MASTER","UDEF_DTE_2","String","False","",""
"DONOR_MASTER","UDEF_DTE_3","String","False","",""
"DONOR_MASTER","UDEF_ID_1","String","False","",""
"DONOR_MASTER","UDEF_ID_2","String","False","",""
"DONOR_MASTER","USER_NAME","String","False","",""
"DONOR_MASTER","YRS_CONT_GIVING","Int64","False","0",""
"DONOR_YEAR_SUM","CASH_GIFT_AMT","Double","False","",""
"DONOR_YEAR_SUM","CASH_GIFT_NUM","Int64","False","0",""
"DONOR_YEAR_SUM","DEFER_AMT","Int64","False","0",""
"DONOR_YEAR_SUM","DEFER_NUM","Int64","False","0",""
"DONOR_YEAR_SUM","DEFER_PMT_AMT","Int64","False","0",""
"DONOR_YEAR_SUM","DEFER_PMT_NUM","Int64","False","0",""
"DONOR_YEAR_SUM","DON_RESTR_AMT","Int64","False","0",""
"DONOR_YEAR_SUM","DON_RESTR_NUM","Int64","False","0",""
"DONOR_YEAR_SUM","FIRST_GIFT_AMT","Double","False","",""
"DONOR_YEAR_SUM","FIRST_GIFT_DTE","DateTime","False","General Date",""
"DONOR_YEAR_SUM","GIFTS_AMT","Double","False","",""
"DONOR_YEAR_SUM","GIFTS_NUM","Int64","False","0",""
"DONOR_YEAR_SUM","ID_NUM","Int64","False","0",""
"DONOR_YEAR_SUM","JOB_NAME","String","False","",""
"DONOR_YEAR_SUM","JOB_TIME","DateTime","False","General Date",""
"DONOR_YEAR_SUM","LARGEST_GIFT_AMT","Double","False","",""
"DONOR_YEAR_SUM","LARGEST_GIFT_DTE","DateTime","False","General Date",""
"DONOR_YEAR_SUM","LAST_GIFT_AMT","Double","False","",""
"DONOR_YEAR_SUM","LAST_GIFT_DTE","DateTime","False","General Date",""
"DONOR_YEAR_SUM","MATCH_GIFT_AMT","Int64","False","0",""
"DONOR_YEAR_SUM","MATCH_GIFT_NUM","Int64","False","0",""
"DONOR_YEAR_SUM","MATCH_PMT_AMT","Int64","False","0",""
"DONOR_YEAR_SUM","MATCH_PMT_NUM","Int64","False","0",""
"DONOR_YEAR_SUM","NON_CASH_AMT","Int64","False","0",""
"DONOR_YEAR_SUM","NON_CASH_NUM","Int64","False","0",""
"DONOR_YEAR_SUM","ORG_RESTR_AMT","Int64","False","0",""
"DONOR_YEAR_SUM","ORG_RESTR_NUM","Int64","False","0",""
"DONOR_YEAR_SUM","PROMISE_AMT","Int64","False","0",""
"DONOR_YEAR_SUM","PROMISE_NUM","Int64","False","0",""
"DONOR_YEAR_SUM","PROMISE_PMT_AMT","Int64","False","0",""
"DONOR_YEAR_SUM","PROMISE_PMT_NUM","Int64","False","0",""
"DONOR_YEAR_SUM","SMALLEST_GIFT_AMT","Double","False","",""
"DONOR_YEAR_SUM","SMALLEST_GIFT_DTE","DateTime","False","General Date",""
"DONOR_YEAR_SUM","SOFT_CREDIT_AMT","Double","False","",""
"DONOR_YEAR_SUM","SOFT_CREDIT_NUM","Int64","False","0",""
"DONOR_YEAR_SUM","USER_NAME","String","False","",""
"DONOR_YEAR_SUM","YEAR_TYPE","String","False","",""
"DONOR_YEAR_SUM","YR_CDE","Int64","False","0",""
"GIFT_CATEGORY","ACTION_REQ_FLAG","String","False","",""
"GIFT_CATEGORY","ALT_DESIGNATION_CD","String","False","",""
"GIFT_CATEGORY","ANNUAL_GOAL_AMT","Int64","False","0",""
"GIFT_CATEGORY","APPID","Int64","False","0",""
"GIFT_CATEGORY","APPROWVERSION","String","False","",""
"GIFT_CATEGORY","ASSET_ACCT_CDE","String","False","",""
"GIFT_CATEGORY","ASSET_GL_MASTER_APPID","Int64","False","0",""
"GIFT_CATEGORY","CAMPAIGN_CDE","String","False","",""
"GIFT_CATEGORY","CASE_GROUP","String","False","",""
"GIFT_CATEGORY","CASE_LINE_NUM","Int64","False","0",""
"GIFT_CATEGORY","CASH_ACCT_CDE","String","False","",""
"GIFT_CATEGORY","CASH_GIFT_AMT","Double","False","",""
"GIFT_CATEGORY","CASH_GIFT_NUM","Int64","False","0",""
"GIFT_CATEGORY","CASH_GL_MASTER_APPID","Int64","False","0",""
"GIFT_CATEGORY","CAT_COMP_1","String","False","",""
"GIFT_CATEGORY","CAT_COMP_2","Int64","False","0",""
"GIFT_CATEGORY","CHARITABLE_FLAG","String","False","",""
"GIFT_CATEGORY","DEFER_AMT","Int64","False","0",""
"GIFT_CATEGORY","DEFER_NUM","Int64","False","0",""
"GIFT_CATEGORY","DEFER_PMT_AMT","Int64","False","0",""
"GIFT_CATEGORY","DEFER_PMT_NUM","Int64","False","0",""
"GIFT_CATEGORY","DESIGNATION_CDE","Int64","False","0",""
"GIFT_CATEGORY","DON_RESTR_AMT","Int64","False","0",""
"GIFT_CATEGORY","DON_RESTR_NUM","Int64","False","0",""
"GIFT_CATEGORY","FIN_AID_ELEMENT","String","False","",""
"GIFT_CATEGORY","FIRST_GIFT_AMT","Double","False","",""
"GIFT_CATEGORY","FIRST_GIFT_DTE","DateTime","False","General Date",""
"GIFT_CATEGORY","FOLIO","String","False","",""
"GIFT_CATEGORY","FUND_GOAL_AMT","Int64","False","0",""
"GIFT_CATEGORY","FUND_TYPE","String","False","",""
"GIFT_CATEGORY","FUTURE_GOAL_1","Int64","False","0",""
"GIFT_CATEGORY","FUTURE_GOAL_2","Int64","False","0",""
"GIFT_CATEGORY","FUTURE_GOAL_3","Int64","False","0",""
"GIFT_CATEGORY","FUTURE_GOAL_4","Int64","False","0",""
"GIFT_CATEGORY","FUTURE_GOAL_5","Int64","False","0",""
"GIFT_CATEGORY","GIFT_CAT_DESC","String","False","",""
"GIFT_CATEGORY","GIFTS_AMT","Double","False","",""
"GIFT_CATEGORY","GIFTS_NUM","Int64","False","0",""
"GIFT_CATEGORY","GIVING_CLUB_CDE","String","False","",""
"GIFT_CATEGORY","GL_EXPECTED","Int64","False","0",""
"GIFT_CATEGORY","GL_REVENUE","Int64","False","0",""
"GIFT_CATEGORY","INC_INT_GENERATED","Int64","False","0",""
"GIFT_CATEGORY","JOB_NAME","String","False","",""
"GIFT_CATEGORY","JOB_TIME","DateTime","False","General Date",""
"GIFT_CATEGORY","LARGEST_GIFT_AMT","Double","False","",""
"GIFT_CATEGORY","LARGEST_GIFT_DTE","DateTime","False","General Date",""
"GIFT_CATEGORY","LAST_GIFT_AMT","Double","False","",""
"GIFT_CATEGORY","LAST_GIFT_DTE","DateTime","False","General Date",""
"GIFT_CATEGORY","LIAB_ACCT_CDE","String","False","",""
"GIFT_CATEGORY","LIAB_GL_MASTER_APPID","String","False","",""
"GIFT_CATEGORY","MATCH_GIFT_AMT","Double","False","",""
"GIFT_CATEGORY","MATCH_GIFT_NUM","Int64","False","0",""
"GIFT_CATEGORY","MATCH_PMT_AMT","Int64","False","0",""
"GIFT_CATEGORY","MATCH_PMT_NUM","Int64","False","0",""
"GIFT_CATEGORY","MEM_HONOR_CDE","String","False","",""
"GIFT_CATEGORY","NON_CASH_AMT","Double","False","",""
"GIFT_CATEGORY","NON_CASH_NUM","Int64","False","0",""
"GIFT_CATEGORY","ONLINE_GIVING_AVAIL","String","False","",""
"GIFT_CATEGORY","ONLINE_GIVING_DESC","String","False","",""
"GIFT_CATEGORY","ORG_RESTR_AMT","Int64","False","0",""
"GIFT_CATEGORY","ORG_RESTR_NUM","Int64","False","0",""
"GIFT_CATEGORY","PROJECT_CODE","String","False","",""
"GIFT_CATEGORY","PROMISE_AMT","Double","False","",""
"GIFT_CATEGORY","PROMISE_NUM","Int64","False","0",""
"GIFT_CATEGORY","PROMISE_PMT_AMT","Double","False","",""
"GIFT_CATEGORY","PROMISE_PMT_NUM","Int64","False","0",""
"GIFT_CATEGORY","RANGE_1_AMT","Int64","False","0",""
"GIFT_CATEGORY","RANGE_1_LIMIT","Int64","False","0",""
"GIFT_CATEGORY","RANGE_1_NUM","Int64","False","0",""
"GIFT_CATEGORY","RANGE_10_AMT","Int64","False","0",""
"GIFT_CATEGORY","RANGE_10_LIMIT","Int64","False","0",""
"GIFT_CATEGORY","RANGE_10_NUM","Int64","False","0",""
"GIFT_CATEGORY","RANGE_11_AMT","Int64","False","0",""
"GIFT_CATEGORY","RANGE_11_LIMIT","Int64","False","0",""
"GIFT_CATEGORY","RANGE_11_NUM","Int64","False","0",""
"GIFT_CATEGORY","RANGE_12_AMT","Int64","False","0",""
"GIFT_CATEGORY","RANGE_12_LIMIT","Int64","False","0",""
"GIFT_CATEGORY","RANGE_12_NUM","Int64","False","0",""
"GIFT_CATEGORY","RANGE_2_AMT","Int64","False","0",""
"GIFT_CATEGORY","RANGE_2_LIMIT","Int64","False","0",""
"GIFT_CATEGORY","RANGE_2_NUM","Int64","False","0",""
"GIFT_CATEGORY","RANGE_3_AMT","Int64","False","0",""
"GIFT_CATEGORY","RANGE_3_LIMIT","Int64","False","0",""
"GIFT_CATEGORY","RANGE_3_NUM","Int64","False","0",""
"GIFT_CATEGORY","RANGE_4_AMT","Int64","False","0",""
"GIFT_CATEGORY","RANGE_4_LIMIT","Int64","False","0",""
"GIFT_CATEGORY","RANGE_4_NUM","Int64","False","0",""
"GIFT_CATEGORY","RANGE_5_AMT","Int64","False","0",""
"GIFT_CATEGORY","RANGE_5_LIMIT","Int64","False","0",""
"GIFT_CATEGORY","RANGE_5_NUM","Int64","False","0",""
"GIFT_CATEGORY","RANGE_6_AMT","Int64","False","0",""
"GIFT_CATEGORY","RANGE_6_LIMIT","Int64","False","0",""
"GIFT_CATEGORY","RANGE_6_NUM","Int64","False","0",""
"GIFT_CATEGORY","RANGE_7_AMT","Int64","False","0",""
"GIFT_CATEGORY","RANGE_7_LIMIT","Int64","False","0",""
"GIFT_CATEGORY","RANGE_7_NUM","Int64","False","0",""
"GIFT_CATEGORY","RANGE_8_AMT","Int64","False","0",""
"GIFT_CATEGORY","RANGE_8_LIMIT","Int64","False","0",""
"GIFT_CATEGORY","RANGE_8_NUM","Int64","False","0",""
"GIFT_CATEGORY","RANGE_9_AMT","Int64","False","0",""
"GIFT_CATEGORY","RANGE_9_LIMIT","Int64","False","0",""
"GIFT_CATEGORY","RANGE_9_NUM","Int64","False","0",""
"GIFT_CATEGORY","REQ_ACTION_DONE","String","False","",""
"GIFT_CATEGORY","REV_ACCT_CDE","String","False","",""
"GIFT_CATEGORY","REV_GL_MASTER_APPID","Int64","False","0",""
"GIFT_CATEGORY","SMALLEST_GIFT_AMT","Double","False","",""
"GIFT_CATEGORY","SMALLEST_GIFT_DTE","DateTime","False","General Date",""
"GIFT_CATEGORY","SOFT_CREDIT_AMT","Double","False","",""
"GIFT_CATEGORY","SOFT_CREDIT_NUM","Int64","False","0",""
"GIFT_CATEGORY","TOT_XFER_TO_BU","Int64","False","0",""
"GIFT_CATEGORY","USER_NAME","String","False","",""
"GIFT_CATEGORY","VALID_UNTIL_DTE","DateTime","False","General Date",""
"GIFT_MASTER","ACK_DATE","String","False","",""
"GIFT_MASTER","AID_ELEMENT","String","False","",""
"GIFT_MASTER","ANON_GIFT_FLAG","String","False","",""
"GIFT_MASTER","BANK_ID","String","False","",""
"GIFT_MASTER","BOOK_YN","String","False","",""
"GIFT_MASTER","CAMPAIGN_CDE","String","False","",""
"GIFT_MASTER","CAT_COMP_1","String","False","",""
"GIFT_MASTER","CAT_COMP_2","Int64","False","0",""
"GIFT_MASTER","CHECK_CC_NUM","Int64","False","0",""
"GIFT_MASTER","DEDICATEE_NOTIFIED","String","False","",""
"GIFT_MASTER","DEDICATION_INFO","String","False","",""
"GIFT_MASTER","DONOR_ID","Int64","False","0",""
"GIFT_MASTER","EXPIRE_DTE","DateTime","False","General Date",""
"GIFT_MASTER","GIFT_AMT","Double","False","",""
"GIFT_MASTER","GIFT_CLASS","String","False","",""
"GIFT_MASTER","GIFT_DTE","DateTime","False","General Date",""
"GIFT_MASTER","GIFT_GROUP_NUM","Int64","False","0",""
"GIFT_MASTER","GIFT_MASTER_STS","String","False","",""
"GIFT_MASTER","GIFT_NUM","Int64","False","0",""
"GIFT_MASTER","GIFT_SET_CDE","String","False","",""
"GIFT_MASTER","GIVING_CLUB_CDE","String","False","",""
"GIFT_MASTER","GIVING_RELATION","String","False","",""
"GIFT_MASTER","IMMED_LETTER_YN","String","False","",""
"GIFT_MASTER","JOB_NAME","String","False","",""
"GIFT_MASTER","JOB_TIME","DateTime","False","General Date",""
"GIFT_MASTER","LAST_RECPT_NUM","Int64","False","0",""
"GIFT_MASTER","LEGAL_TENDER","String","False","",""
"GIFT_MASTER","LETTER_TO_SEND","String","False","",""
"GIFT_MASTER","MEM_HONOR_CDE","String","False","",""
"GIFT_MASTER","NOTATION_1","String","False","",""
"GIFT_MASTER","NOTATION_2","String","False","",""
"GIFT_MASTER","PRINT_RECPT_YN","String","False","",""
"GIFT_MASTER","PROPOSAL_NUM","String","False","",""
"GIFT_MASTER","RECEIPT_ADDR_CDE","String","False","",""
"GIFT_MASTER","SALUT_CDE","String","False","",""
"GIFT_MASTER","SOLICIT_CDE","String","False","",""
"GIFT_MASTER","SOLICITOR_ID","String","False","",""
"GIFT_MASTER","SUB_CLASS_CDE","String","False","",""
"GIFT_MASTER","USER_NAME","String","False","",""
"GIFT_TRAN","AID_ELEMENT","String","False","",""
"GIFT_TRAN","ANON_GIFT_TRAN","String","False","",""
"GIFT_TRAN","BOOKED_YN","String","False","",""
"GIFT_TRAN","CAMPAIGN_CDE","String","False","",""
"GIFT_TRAN","CAT_COMP_1","String","False","",""
"GIFT_TRAN","CAT_COMP_2","Int64","False","0",""
"GIFT_TRAN","CHARITABLE_YN","String","False","",""
"GIFT_TRAN","CONTRIB_TYPE","String","False","",""
"GIFT_TRAN","DON_SPEC_ORG_USE","String","False","",""
"GIFT_TRAN","DONOR_ID","Int64","False","0",""
"GIFT_TRAN","GIFT_AREA_SEQ","String","False","",""
"GIFT_TRAN","GIFT_CLASS","String","False","",""
"GIFT_TRAN","GIFT_DTE","DateTime","False","General Date",""
"GIFT_TRAN","GIFT_GROUP_NUM","Int64","False","0",""
"GIFT_TRAN","GIFT_NUM","Int64","False","0",""
"GIFT_TRAN","GIFT_SET_CDE","String","False","",""
"GIFT_TRAN","GIFT_TRAN_AMT","Double","False","",""
"GIFT_TRAN","GIFT_TRAN_NUM","Int64","False","0",""
"GIFT_TRAN","GIFT_TRAN_STS","String","False","",""
"GIFT_TRAN","GIVING_CLUB_CDE","String","False","",""
"GIFT_TRAN","GIVING_RELATION","String","False","",""
"GIFT_TRAN","JOB_NAME","String","False","",""
"GIFT_TRAN","JOB_TIME","DateTime","False","General Date",""
"GIFT_TRAN","MATCH_CO_ID","String","False","",""
"GIFT_TRAN","MATCH_FORM_RECVD","String","False","",""
"GIFT_TRAN","MATURITY_AMT","Int64","False","0",""
"GIFT_TRAN","MATURITY_DTE","String","False","",""
"GIFT_TRAN","MEM_HONOR_CDE","String","False","",""
"GIFT_TRAN","NOTATION_1","String","False","",""
"GIFT_TRAN","NOTATION_2","String","False","",""
"GIFT_TRAN","ORG_ACTION_REQ","String","False","",""
"GIFT_TRAN","PERSON_CHGING","String","False","",""
"GIFT_TRAN","PERSON_REQ_CHG","String","False","",""
"GIFT_TRAN","PMT_GIFT_NUM","String","False","",""
"GIFT_TRAN","PMT_GROUP_NUM","String","False","",""
"GIFT_TRAN","PMT_RECVD","String","False","",""
"GIFT_TRAN","PMT_TRAN_NUM","String","False","",""
"GIFT_TRAN","POLICY_CDE","String","False","",""
"GIFT_TRAN","PROPOSAL_NUM","String","False","",""
"GIFT_TRAN","REASON_CDE","String","False","",""
"GIFT_TRAN","REASON_DTE","DateTime","False","General Date",""
"GIFT_TRAN","REQ_ACTION_DONE","String","False","",""
"GIFT_TRAN","RESTR_TYPE","String","False","",""
"GIFT_TRAN","SOFT_CREDIT_YN","String","False","",""
"GIFT_TRAN","SOLICIT_CDE","String","False","",""
"GIFT_TRAN","SOLICITOR_ID","String","False","",""
"GIFT_TRAN","SUB_CLASS_CDE","String","False","",""
"GIFT_TRAN","UDEF_11_2N_1","Int64","False","0",""
"GIFT_TRAN","UDEF_11_2N_2","Int64","False","0",""
"GIFT_TRAN","UDEF_5A_1","String","False","",""
"GIFT_TRAN","UDEF_5A_2","String","False","",""
"GIFT_TRAN","UDEF_5N_1","Int64","False","0",""
"GIFT_TRAN","UDEF_5N_2","Int64","False","0",""
"GIFT_TRAN","UDEF_DTE_1","String","False","",""
"GIFT_TRAN","UDEF_DTE_2","String","False","",""
"GIFT_TRAN","UDEF_ID_1","String","False","",""
"GIFT_TRAN","UDEF_ID_2","String","False","",""
"GIFT_TRAN","USER_NAME","String","False","",""
"GIFT_TRAN","VALID_UNTIL_DTE","DateTime","False","General Date",""
"LocalDateTable_04335b8b-4cdc-4ffe-ae77-cb8a14dda053","Date","DateTime","True","General Date",""
"LocalDateTable_04335b8b-4cdc-4ffe-ae77-cb8a14dda053","Day","Int64","True","0",""
"LocalDateTable_04335b8b-4cdc-4ffe-ae77-cb8a14dda053","Month","String","True","",""
"LocalDateTable_04335b8b-4cdc-4ffe-ae77-cb8a14dda053","MonthNo","Int64","True","0",""
"LocalDateTable_04335b8b-4cdc-4ffe-ae77-cb8a14dda053","Quarter","String","True","",""
"LocalDateTable_04335b8b-4cdc-4ffe-ae77-cb8a14dda053","QuarterNo","Int64","True","0",""
"LocalDateTable_04335b8b-4cdc-4ffe-ae77-cb8a14dda053","Year","Int64","True","0",""
"LocalDateTable_04d92710-c2dd-487f-9151-4827a0efa707","Date","DateTime","True","General Date",""
"LocalDateTable_04d92710-c2dd-487f-9151-4827a0efa707","Day","Int64","True","0",""
"LocalDateTable_04d92710-c2dd-487f-9151-4827a0efa707","Month","String","True","",""
"LocalDateTable_04d92710-c2dd-487f-9151-4827a0efa707","MonthNo","Int64","True","0",""
"LocalDateTable_04d92710-c2dd-487f-9151-4827a0efa707","Quarter","String","True","",""
"LocalDateTable_04d92710-c2dd-487f-9151-4827a0efa707","QuarterNo","Int64","True","0",""
"LocalDateTable_04d92710-c2dd-487f-9151-4827a0efa707","Year","Int64","True","0",""
"LocalDateTable_08a1fd4a-65c2-404b-a073-016771ae62b1","Date","DateTime","True","General Date",""
"LocalDateTable_08a1fd4a-65c2-404b-a073-016771ae62b1","Day","Int64","True","0",""
"LocalDateTable_08a1fd4a-65c2-404b-a073-016771ae62b1","Month","String","True","",""
"LocalDateTable_08a1fd4a-65c2-404b-a073-016771ae62b1","MonthNo","Int64","True","0",""
"LocalDateTable_08a1fd4a-65c2-404b-a073-016771ae62b1","Quarter","String","True","",""
"LocalDateTable_08a1fd4a-65c2-404b-a073-016771ae62b1","QuarterNo","Int64","True","0",""
"LocalDateTable_08a1fd4a-65c2-404b-a073-016771ae62b1","Year","Int64","True","0",""
"LocalDateTable_220692bd-546d-4f29-b45f-bd01b16953eb","Date","DateTime","True","General Date",""
"LocalDateTable_220692bd-546d-4f29-b45f-bd01b16953eb","Day","Int64","True","0",""
"LocalDateTable_220692bd-546d-4f29-b45f-bd01b16953eb","Month","String","True","",""
"LocalDateTable_220692bd-546d-4f29-b45f-bd01b16953eb","MonthNo","Int64","True","0",""
"LocalDateTable_220692bd-546d-4f29-b45f-bd01b16953eb","Quarter","String","True","",""
"LocalDateTable_220692bd-546d-4f29-b45f-bd01b16953eb","QuarterNo","Int64","True","0",""
"LocalDateTable_220692bd-546d-4f29-b45f-bd01b16953eb","Year","Int64","True","0",""
"LocalDateTable_28850624-bff9-47fb-b007-2b925dbb69e7","Date","DateTime","True","General Date",""
"LocalDateTable_28850624-bff9-47fb-b007-2b925dbb69e7","Day","Int64","True","0",""
"LocalDateTable_28850624-bff9-47fb-b007-2b925dbb69e7","Month","String","True","",""
"LocalDateTable_28850624-bff9-47fb-b007-2b925dbb69e7","MonthNo","Int64","True","0",""
"LocalDateTable_28850624-bff9-47fb-b007-2b925dbb69e7","Quarter","String","True","",""
"LocalDateTable_28850624-bff9-47fb-b007-2b925dbb69e7","QuarterNo","Int64","True","0",""
"LocalDateTable_28850624-bff9-47fb-b007-2b925dbb69e7","Year","Int64","True","0",""
"LocalDateTable_360a6661-068b-4f2f-bacb-dfccbe901064","Date","DateTime","True","General Date",""
"LocalDateTable_360a6661-068b-4f2f-bacb-dfccbe901064","Day","Int64","True","0",""
"LocalDateTable_360a6661-068b-4f2f-bacb-dfccbe901064","Month","String","True","",""
"LocalDateTable_360a6661-068b-4f2f-bacb-dfccbe901064","MonthNo","Int64","True","0",""
"LocalDateTable_360a6661-068b-4f2f-bacb-dfccbe901064","Quarter","String","True","",""
"LocalDateTable_360a6661-068b-4f2f-bacb-dfccbe901064","QuarterNo","Int64","True","0",""
"LocalDateTable_360a6661-068b-4f2f-bacb-dfccbe901064","Year","Int64","True","0",""
"LocalDateTable_38126b6f-7a9e-4bb5-ab51-ec8953bbe0d5","Date","DateTime","True","General Date",""
"LocalDateTable_38126b6f-7a9e-4bb5-ab51-ec8953bbe0d5","Day","Int64","True","0",""
"LocalDateTable_38126b6f-7a9e-4bb5-ab51-ec8953bbe0d5","Month","String","True","",""
"LocalDateTable_38126b6f-7a9e-4bb5-ab51-ec8953bbe0d5","MonthNo","Int64","True","0",""
"LocalDateTable_38126b6f-7a9e-4bb5-ab51-ec8953bbe0d5","Quarter","String","True","",""
"LocalDateTable_38126b6f-7a9e-4bb5-ab51-ec8953bbe0d5","QuarterNo","Int64","True","0",""
"LocalDateTable_38126b6f-7a9e-4bb5-ab51-ec8953bbe0d5","Year","Int64","True","0",""
"LocalDateTable_38682aa2-1251-4c59-95be-d7dd853d7fe1","Date","DateTime","True","General Date",""
"LocalDateTable_38682aa2-1251-4c59-95be-d7dd853d7fe1","Day","Int64","True","0",""
"LocalDateTable_38682aa2-1251-4c59-95be-d7dd853d7fe1","Month","String","True","",""
"LocalDateTable_38682aa2-1251-4c59-95be-d7dd853d7fe1","MonthNo","Int64","True","0",""
"LocalDateTable_38682aa2-1251-4c59-95be-d7dd853d7fe1","Quarter","String","True","",""
"LocalDateTable_38682aa2-1251-4c59-95be-d7dd853d7fe1","QuarterNo","Int64","True","0",""
"LocalDateTable_38682aa2-1251-4c59-95be-d7dd853d7fe1","Year","Int64","True","0",""
"LocalDateTable_3ae35275-b0f7-47bb-9d09-8f8ccdd5f7ce","Date","DateTime","True","General Date",""
"LocalDateTable_3ae35275-b0f7-47bb-9d09-8f8ccdd5f7ce","Day","Int64","True","0",""
"LocalDateTable_3ae35275-b0f7-47bb-9d09-8f8ccdd5f7ce","Month","String","True","",""
"LocalDateTable_3ae35275-b0f7-47bb-9d09-8f8ccdd5f7ce","MonthNo","Int64","True","0",""
"LocalDateTable_3ae35275-b0f7-47bb-9d09-8f8ccdd5f7ce","Quarter","String","True","",""
"LocalDateTable_3ae35275-b0f7-47bb-9d09-8f8ccdd5f7ce","QuarterNo","Int64","True","0",""
"LocalDateTable_3ae35275-b0f7-47bb-9d09-8f8ccdd5f7ce","Year","Int64","True","0",""
"LocalDateTable_3ff1c39f-3cf4-4e8c-bda5-808650859763","Date","DateTime","True","General Date",""
"LocalDateTable_3ff1c39f-3cf4-4e8c-bda5-808650859763","Day","Int64","True","0",""
"LocalDateTable_3ff1c39f-3cf4-4e8c-bda5-808650859763","Month","String","True","",""
"LocalDateTable_3ff1c39f-3cf4-4e8c-bda5-808650859763","MonthNo","Int64","True","0",""
"LocalDateTable_3ff1c39f-3cf4-4e8c-bda5-808650859763","Quarter","String","True","",""
"LocalDateTable_3ff1c39f-3cf4-4e8c-bda5-808650859763","QuarterNo","Int64","True","0",""
"LocalDateTable_3ff1c39f-3cf4-4e8c-bda5-808650859763","Year","Int64","True","0",""
"LocalDateTable_52468a7b-659e-4674-bb58-f56bba3e14a3","Date","DateTime","True","General Date",""
"LocalDateTable_52468a7b-659e-4674-bb58-f56bba3e14a3","Day","Int64","True","0",""
"LocalDateTable_52468a7b-659e-4674-bb58-f56bba3e14a3","Month","String","True","",""
"LocalDateTable_52468a7b-659e-4674-bb58-f56bba3e14a3","MonthNo","Int64","True","0",""
"LocalDateTable_52468a7b-659e-4674-bb58-f56bba3e14a3","Quarter","String","True","",""
"LocalDateTable_52468a7b-659e-4674-bb58-f56bba3e14a3","QuarterNo","Int64","True","0",""
"LocalDateTable_52468a7b-659e-4674-bb58-f56bba3e14a3","Year","Int64","True","0",""
"LocalDateTable_5a871915-ae97-4de6-8136-d2728b182a72","Date","DateTime","True","General Date",""
"LocalDateTable_5a871915-ae97-4de6-8136-d2728b182a72","Day","Int64","True","0",""
"LocalDateTable_5a871915-ae97-4de6-8136-d2728b182a72","Month","String","True","",""
"LocalDateTable_5a871915-ae97-4de6-8136-d2728b182a72","MonthNo","Int64","True","0",""
"LocalDateTable_5a871915-ae97-4de6-8136-d2728b182a72","Quarter","String","True","",""
"LocalDateTable_5a871915-ae97-4de6-8136-d2728b182a72","QuarterNo","Int64","True","0",""
"LocalDateTable_5a871915-ae97-4de6-8136-d2728b182a72","Year","Int64","True","0",""
"LocalDateTable_61a3f338-e0e1-4a22-a523-dfea0cfef330","Date","DateTime","True","General Date",""
"LocalDateTable_61a3f338-e0e1-4a22-a523-dfea0cfef330","Day","Int64","True","0",""
"LocalDateTable_61a3f338-e0e1-4a22-a523-dfea0cfef330","Month","String","True","",""
"LocalDateTable_61a3f338-e0e1-4a22-a523-dfea0cfef330","MonthNo","Int64","True","0",""
"LocalDateTable_61a3f338-e0e1-4a22-a523-dfea0cfef330","Quarter","String","True","",""
"LocalDateTable_61a3f338-e0e1-4a22-a523-dfea0cfef330","QuarterNo","Int64","True","0",""
"LocalDateTable_61a3f338-e0e1-4a22-a523-dfea0cfef330","Year","Int64","True","0",""
"LocalDateTable_7583aeb2-5bff-4243-be60-0360f4b7a662","Date","DateTime","True","General Date",""
"LocalDateTable_7583aeb2-5bff-4243-be60-0360f4b7a662","Day","Int64","True","0",""
"LocalDateTable_7583aeb2-5bff-4243-be60-0360f4b7a662","Month","String","True","",""
"LocalDateTable_7583aeb2-5bff-4243-be60-0360f4b7a662","MonthNo","Int64","True","0",""
"LocalDateTable_7583aeb2-5bff-4243-be60-0360f4b7a662","Quarter","String","True","",""
"LocalDateTable_7583aeb2-5bff-4243-be60-0360f4b7a662","QuarterNo","Int64","True","0",""
"LocalDateTable_7583aeb2-5bff-4243-be60-0360f4b7a662","Year","Int64","True","0",""
"LocalDateTable_7e2dd21c-8202-4970-98bf-2171a64ba29a","Date","DateTime","True","General Date",""
"LocalDateTable_7e2dd21c-8202-4970-98bf-2171a64ba29a","Day","Int64","True","0",""
"LocalDateTable_7e2dd21c-8202-4970-98bf-2171a64ba29a","Month","String","True","",""
"LocalDateTable_7e2dd21c-8202-4970-98bf-2171a64ba29a","MonthNo","Int64","True","0",""
"LocalDateTable_7e2dd21c-8202-4970-98bf-2171a64ba29a","Quarter","String","True","",""
"LocalDateTable_7e2dd21c-8202-4970-98bf-2171a64ba29a","QuarterNo","Int64","True","0",""
"LocalDateTable_7e2dd21c-8202-4970-98bf-2171a64ba29a","Year","Int64","True","0",""
"LocalDateTable_8c33cb27-ff12-4671-a934-f86499dfb75e","Date","DateTime","True","General Date",""
"LocalDateTable_8c33cb27-ff12-4671-a934-f86499dfb75e","Day","Int64","True","0",""
"LocalDateTable_8c33cb27-ff12-4671-a934-f86499dfb75e","Month","String","True","",""
"LocalDateTable_8c33cb27-ff12-4671-a934-f86499dfb75e","MonthNo","Int64","True","0",""
"LocalDateTable_8c33cb27-ff12-4671-a934-f86499dfb75e","Quarter","String","True","",""
"LocalDateTable_8c33cb27-ff12-4671-a934-f86499dfb75e","QuarterNo","Int64","True","0",""
"LocalDateTable_8c33cb27-ff12-4671-a934-f86499dfb75e","Year","Int64","True","0",""
"LocalDateTable_8c6371db-508f-47b2-92f3-37a10e91da3e","Date","DateTime","True","General Date",""
"LocalDateTable_8c6371db-508f-47b2-92f3-37a10e91da3e","Day","Int64","True","0",""
"LocalDateTable_8c6371db-508f-47b2-92f3-37a10e91da3e","Month","String","True","",""
"LocalDateTable_8c6371db-508f-47b2-92f3-37a10e91da3e","MonthNo","Int64","True","0",""
"LocalDateTable_8c6371db-508f-47b2-92f3-37a10e91da3e","Quarter","String","True","",""
"LocalDateTable_8c6371db-508f-47b2-92f3-37a10e91da3e","QuarterNo","Int64","True","0",""
"LocalDateTable_8c6371db-508f-47b2-92f3-37a10e91da3e","Year","Int64","True","0",""
"LocalDateTable_8cd0100a-5968-41cd-940a-df9cb82d52a5","Date","DateTime","True","General Date",""
"LocalDateTable_8cd0100a-5968-41cd-940a-df9cb82d52a5","Day","Int64","True","0",""
"LocalDateTable_8cd0100a-5968-41cd-940a-df9cb82d52a5","Month","String","True","",""
"LocalDateTable_8cd0100a-5968-41cd-940a-df9cb82d52a5","MonthNo","Int64","True","0",""
"LocalDateTable_8cd0100a-5968-41cd-940a-df9cb82d52a5","Quarter","String","True","",""
"LocalDateTable_8cd0100a-5968-41cd-940a-df9cb82d52a5","QuarterNo","Int64","True","0",""
"LocalDateTable_8cd0100a-5968-41cd-940a-df9cb82d52a5","Year","Int64","True","0",""
"LocalDateTable_8d12d4b5-20f7-461f-b1c7-e7e8c780045e","Date","DateTime","True","General Date",""
"LocalDateTable_8d12d4b5-20f7-461f-b1c7-e7e8c780045e","Day","Int64","True","0",""
"LocalDateTable_8d12d4b5-20f7-461f-b1c7-e7e8c780045e","Month","String","True","",""
"LocalDateTable_8d12d4b5-20f7-461f-b1c7-e7e8c780045e","MonthNo","Int64","True","0",""
"LocalDateTable_8d12d4b5-20f7-461f-b1c7-e7e8c780045e","Quarter","String","True","",""
"LocalDateTable_8d12d4b5-20f7-461f-b1c7-e7e8c780045e","QuarterNo","Int64","True","0",""
"LocalDateTable_8d12d4b5-20f7-461f-b1c7-e7e8c780045e","Year","Int64","True","0",""
"LocalDateTable_969553bc-bf97-4d2b-84b9-c114cd5a4a0b","Date","DateTime","True","General Date",""
"LocalDateTable_969553bc-bf97-4d2b-84b9-c114cd5a4a0b","Day","Int64","True","0",""
"LocalDateTable_969553bc-bf97-4d2b-84b9-c114cd5a4a0b","Month","String","True","",""
"LocalDateTable_969553bc-bf97-4d2b-84b9-c114cd5a4a0b","MonthNo","Int64","True","0",""
"LocalDateTable_969553bc-bf97-4d2b-84b9-c114cd5a4a0b","Quarter","String","True","",""
"LocalDateTable_969553bc-bf97-4d2b-84b9-c114cd5a4a0b","QuarterNo","Int64","True","0",""
"LocalDateTable_969553bc-bf97-4d2b-84b9-c114cd5a4a0b","Year","Int64","True","0",""
"LocalDateTable_96eb214b-cee2-44fd-afab-1a058789df52","Date","DateTime","True","General Date",""
"LocalDateTable_96eb214b-cee2-44fd-afab-1a058789df52","Day","Int64","True","0",""
"LocalDateTable_96eb214b-cee2-44fd-afab-1a058789df52","Month","String","True","",""
"LocalDateTable_96eb214b-cee2-44fd-afab-1a058789df52","MonthNo","Int64","True","0",""
"LocalDateTable_96eb214b-cee2-44fd-afab-1a058789df52","Quarter","String","True","",""
"LocalDateTable_96eb214b-cee2-44fd-afab-1a058789df52","QuarterNo","Int64","True","0",""
"LocalDateTable_96eb214b-cee2-44fd-afab-1a058789df52","Year","Int64","True","0",""
"LocalDateTable_9741069f-1e81-4ca5-9cc1-ddc20034263b","Date","DateTime","True","General Date",""
"LocalDateTable_9741069f-1e81-4ca5-9cc1-ddc20034263b","Day","Int64","True","0",""
"LocalDateTable_9741069f-1e81-4ca5-9cc1-ddc20034263b","Month","String","True","",""
"LocalDateTable_9741069f-1e81-4ca5-9cc1-ddc20034263b","MonthNo","Int64","True","0",""
"LocalDateTable_9741069f-1e81-4ca5-9cc1-ddc20034263b","Quarter","String","True","",""
"LocalDateTable_9741069f-1e81-4ca5-9cc1-ddc20034263b","QuarterNo","Int64","True","0",""
"LocalDateTable_9741069f-1e81-4ca5-9cc1-ddc20034263b","Year","Int64","True","0",""
"LocalDateTable_a9b60041-0104-4154-bb47-712f2811c4c0","Date","DateTime","True","General Date",""
"LocalDateTable_a9b60041-0104-4154-bb47-712f2811c4c0","Day","Int64","True","0",""
"LocalDateTable_a9b60041-0104-4154-bb47-712f2811c4c0","Month","String","True","",""
"LocalDateTable_a9b60041-0104-4154-bb47-712f2811c4c0","MonthNo","Int64","True","0",""
"LocalDateTable_a9b60041-0104-4154-bb47-712f2811c4c0","Quarter","String","True","",""
"LocalDateTable_a9b60041-0104-4154-bb47-712f2811c4c0","QuarterNo","Int64","True","0",""
"LocalDateTable_a9b60041-0104-4154-bb47-712f2811c4c0","Year","Int64","True","0",""
"LocalDateTable_b0499e1a-a7c7-4b46-a41c-cd5f276f1d15","Date","DateTime","True","General Date",""
"LocalDateTable_b0499e1a-a7c7-4b46-a41c-cd5f276f1d15","Day","Int64","True","0",""
"LocalDateTable_b0499e1a-a7c7-4b46-a41c-cd5f276f1d15","Month","String","True","",""
"LocalDateTable_b0499e1a-a7c7-4b46-a41c-cd5f276f1d15","MonthNo","Int64","True","0",""
"LocalDateTable_b0499e1a-a7c7-4b46-a41c-cd5f276f1d15","Quarter","String","True","",""
"LocalDateTable_b0499e1a-a7c7-4b46-a41c-cd5f276f1d15","QuarterNo","Int64","True","0",""
"LocalDateTable_b0499e1a-a7c7-4b46-a41c-cd5f276f1d15","Year","Int64","True","0",""
"LocalDateTable_b578562f-c6a7-40b4-ac4b-f3ef0d8144b0","Date","DateTime","True","General Date",""
"LocalDateTable_b578562f-c6a7-40b4-ac4b-f3ef0d8144b0","Day","Int64","True","0",""
"LocalDateTable_b578562f-c6a7-40b4-ac4b-f3ef0d8144b0","Month","String","True","",""
"LocalDateTable_b578562f-c6a7-40b4-ac4b-f3ef0d8144b0","MonthNo","Int64","True","0",""
"LocalDateTable_b578562f-c6a7-40b4-ac4b-f3ef0d8144b0","Quarter","String","True","",""
"LocalDateTable_b578562f-c6a7-40b4-ac4b-f3ef0d8144b0","QuarterNo","Int64","True","0",""
"LocalDateTable_b578562f-c6a7-40b4-ac4b-f3ef0d8144b0","Year","Int64","True","0",""
"LocalDateTable_b8ffb349-14e7-4e5b-bebb-a7d9dcae7392","Date","DateTime","True","General Date",""
"LocalDateTable_b8ffb349-14e7-4e5b-bebb-a7d9dcae7392","Day","Int64","True","0",""
"LocalDateTable_b8ffb349-14e7-4e5b-bebb-a7d9dcae7392","Month","String","True","",""
"LocalDateTable_b8ffb349-14e7-4e5b-bebb-a7d9dcae7392","MonthNo","Int64","True","0",""
"LocalDateTable_b8ffb349-14e7-4e5b-bebb-a7d9dcae7392","Quarter","String","True","",""
"LocalDateTable_b8ffb349-14e7-4e5b-bebb-a7d9dcae7392","QuarterNo","Int64","True","0",""
"LocalDateTable_b8ffb349-14e7-4e5b-bebb-a7d9dcae7392","Year","Int64","True","0",""
"LocalDateTable_be7cb9a3-7506-4d44-8390-d6dc739a6e7f","Date","DateTime","True","General Date",""
"LocalDateTable_be7cb9a3-7506-4d44-8390-d6dc739a6e7f","Day","Int64","True","0",""
"LocalDateTable_be7cb9a3-7506-4d44-8390-d6dc739a6e7f","Month","String","True","",""
"LocalDateTable_be7cb9a3-7506-4d44-8390-d6dc739a6e7f","MonthNo","Int64","True","0",""
"LocalDateTable_be7cb9a3-7506-4d44-8390-d6dc739a6e7f","Quarter","String","True","",""
"LocalDateTable_be7cb9a3-7506-4d44-8390-d6dc739a6e7f","QuarterNo","Int64","True","0",""
"LocalDateTable_be7cb9a3-7506-4d44-8390-d6dc739a6e7f","Year","Int64","True","0",""
"LocalDateTable_c195fbbe-e79e-4fca-aeda-d85882220ed6","Date","DateTime","True","General Date",""
"LocalDateTable_c195fbbe-e79e-4fca-aeda-d85882220ed6","Day","Int64","True","0",""
"LocalDateTable_c195fbbe-e79e-4fca-aeda-d85882220ed6","Month","String","True","",""
"LocalDateTable_c195fbbe-e79e-4fca-aeda-d85882220ed6","MonthNo","Int64","True","0",""
"LocalDateTable_c195fbbe-e79e-4fca-aeda-d85882220ed6","Quarter","String","True","",""
"LocalDateTable_c195fbbe-e79e-4fca-aeda-d85882220ed6","QuarterNo","Int64","True","0",""
"LocalDateTable_c195fbbe-e79e-4fca-aeda-d85882220ed6","Year","Int64","True","0",""
"LocalDateTable_c89a5a97-f3ec-4f89-9bc5-d0afa9d7be29","Date","DateTime","True","General Date",""
"LocalDateTable_c89a5a97-f3ec-4f89-9bc5-d0afa9d7be29","Day","Int64","True","0",""
"LocalDateTable_c89a5a97-f3ec-4f89-9bc5-d0afa9d7be29","Month","String","True","",""
"LocalDateTable_c89a5a97-f3ec-4f89-9bc5-d0afa9d7be29","MonthNo","Int64","True","0",""
"LocalDateTable_c89a5a97-f3ec-4f89-9bc5-d0afa9d7be29","Quarter","String","True","",""
"LocalDateTable_c89a5a97-f3ec-4f89-9bc5-d0afa9d7be29","QuarterNo","Int64","True","0",""
"LocalDateTable_c89a5a97-f3ec-4f89-9bc5-d0afa9d7be29","Year","Int64","True","0",""
"LocalDateTable_d50344dc-1609-46ef-af56-cbceaae92600","Date","DateTime","True","General Date",""
"LocalDateTable_d50344dc-1609-46ef-af56-cbceaae92600","Day","Int64","True","0",""
"LocalDateTable_d50344dc-1609-46ef-af56-cbceaae92600","Month","String","True","",""
"LocalDateTable_d50344dc-1609-46ef-af56-cbceaae92600","MonthNo","Int64","True","0",""
"LocalDateTable_d50344dc-1609-46ef-af56-cbceaae92600","Quarter","String","True","",""
"LocalDateTable_d50344dc-1609-46ef-af56-cbceaae92600","QuarterNo","Int64","True","0",""
"LocalDateTable_d50344dc-1609-46ef-af56-cbceaae92600","Year","Int64","True","0",""
"LocalDateTable_e0aac0c2-e784-46ec-be61-e627ca146638","Date","DateTime","True","General Date",""
"LocalDateTable_e0aac0c2-e784-46ec-be61-e627ca146638","Day","Int64","True","0",""
"LocalDateTable_e0aac0c2-e784-46ec-be61-e627ca146638","Month","String","True","",""
"LocalDateTable_e0aac0c2-e784-46ec-be61-e627ca146638","MonthNo","Int64","True","0",""
"LocalDateTable_e0aac0c2-e784-46ec-be61-e627ca146638","Quarter","String","True","",""
"LocalDateTable_e0aac0c2-e784-46ec-be61-e627ca146638","QuarterNo","Int64","True","0",""
"LocalDateTable_e0aac0c2-e784-46ec-be61-e627ca146638","Year","Int64","True","0",""
"LocalDateTable_e57dfe59-df59-4f38-a328-671cc63a656a","Date","DateTime","True","General Date",""
"LocalDateTable_e57dfe59-df59-4f38-a328-671cc63a656a","Day","Int64","True","0",""
"LocalDateTable_e57dfe59-df59-4f38-a328-671cc63a656a","Month","String","True","",""
"LocalDateTable_e57dfe59-df59-4f38-a328-671cc63a656a","MonthNo","Int64","True","0",""
"LocalDateTable_e57dfe59-df59-4f38-a328-671cc63a656a","Quarter","String","True","",""
"LocalDateTable_e57dfe59-df59-4f38-a328-671cc63a656a","QuarterNo","Int64","True","0",""
"LocalDateTable_e57dfe59-df59-4f38-a328-671cc63a656a","Year","Int64","True","0",""
"LocalDateTable_ea9ef714-bc2c-4021-b0e3-236f68ff25b2","Date","DateTime","True","General Date",""
"LocalDateTable_ea9ef714-bc2c-4021-b0e3-236f68ff25b2","Day","Int64","True","0",""
"LocalDateTable_ea9ef714-bc2c-4021-b0e3-236f68ff25b2","Month","String","True","",""
"LocalDateTable_ea9ef714-bc2c-4021-b0e3-236f68ff25b2","MonthNo","Int64","True","0",""
"LocalDateTable_ea9ef714-bc2c-4021-b0e3-236f68ff25b2","Quarter","String","True","",""
"LocalDateTable_ea9ef714-bc2c-4021-b0e3-236f68ff25b2","QuarterNo","Int64","True","0",""
"LocalDateTable_ea9ef714-bc2c-4021-b0e3-236f68ff25b2","Year","Int64","True","0",""
"LocalDateTable_f8865c05-d05d-4936-8408-841ef520eb5c","Date","DateTime","True","General Date",""
"LocalDateTable_f8865c05-d05d-4936-8408-841ef520eb5c","Day","Int64","True","0",""
"LocalDateTable_f8865c05-d05d-4936-8408-841ef520eb5c","Month","String","True","",""
"LocalDateTable_f8865c05-d05d-4936-8408-841ef520eb5c","MonthNo","Int64","True","0",""
"LocalDateTable_f8865c05-d05d-4936-8408-841ef520eb5c","Quarter","String","True","",""
"LocalDateTable_f8865c05-d05d-4936-8408-841ef520eb5c","QuarterNo","Int64","True","0",""
"LocalDateTable_f8865c05-d05d-4936-8408-841ef520eb5c","Year","Int64","True","0",""
"LocalDateTable_fc9a9b68-3450-4396-8e9f-52396068d10f","Date","DateTime","True","General Date",""
"LocalDateTable_fc9a9b68-3450-4396-8e9f-52396068d10f","Day","Int64","True","0",""
"LocalDateTable_fc9a9b68-3450-4396-8e9f-52396068d10f","Month","String","True","",""
"LocalDateTable_fc9a9b68-3450-4396-8e9f-52396068d10f","MonthNo","Int64","True","0",""
"LocalDateTable_fc9a9b68-3450-4396-8e9f-52396068d10f","Quarter","String","True","",""
"LocalDateTable_fc9a9b68-3450-4396-8e9f-52396068d10f","QuarterNo","Int64","True","0",""
"LocalDateTable_fc9a9b68-3450-4396-8e9f-52396068d10f","Year","Int64","True","0",""
"NAME_MASTER","FIRST_NAME","String","False","",""
"NAME_MASTER","ID_NUM","Int64","False","0",""
"NAME_MASTER","LAST_NAME","String","False","",""
"NAME_MASTER","MIDDLE_NAME","String","False","",""
"NAME_MASTER","PREFIX","Int64","False","0",""
"NAME_MASTER","SUFFIX","String","False","",""
"SOLICIT_DEF","DESCRIPTION","String","False","",""
"SOLICIT_DEF","JOB_NAME","String","False","",""
"SOLICIT_DEF","JOB_TIME","DateTime","False","General Date",""
"SOLICIT_DEF","SOLICIT_CDE","String","False","",""
"SOLICIT_DEF","USER_NAME","String","False","",""
